GENE ID,gRNA sequence
ENSG00000010404,CUUAUCCCCAUAACAGCCCA
ENSG00000150676,AAAUCUGUUCUUCUUUUAAG
ENSG00000099308,CCCGGGAGGAUGAGCUUGAC
ENSG00000099308,ACCAGUCAAGCUCAUCCUCC
ENSG00000099308,CCAGUCAAGCUCAUCCUCCC
ENSG00000099308,CUGGUGGAGACGUUCCCGGG
ENSG00000142676,UCCCUGUUGCAGCAGGAUCA
ENSG00000142676,GCAGCAGGAUCAAGGUGAAA
ENSG00000142676,GGAUGCGAAGUUCCCGCAUG
ENSG00000142676,CGGAUGCGAAGUUCCCGCAU
ENSG00000180776,GAAAGCCACAAGGUAAACAA
ENSG00000180776,AAAGACCGUUGUUUACCUUG
ENSG00000180776,AGAACAGAUGGAAAGCCACA
ENSG00000180776,CAAACAUAACAAAGAACAGA
ENSG00000108848,ACGAGAGCUCUUCUCAUACC
ENSG00000108848,AGCUCUCGUUUCAUGAAAGU
ENSG00000108848,UACUUGCAGAAGUAGAACGU
ENSG00000108848,GUAGAACGUAGGAUCAGACG
ENSG00000103811,GUGGUACUCCUCCGUACUGU
ENSG00000103811,GCACCGUAAGACCUACAGUA
ENSG00000103811,CCGUAAGACCUACAGUACGG
ENSG00000103811,GUACGGAGGAGUACCACCAC
ENSG00000101473,CUACAGAGGAAGGCAUUACU
ENSG00000101473,AGGAAGGCAUUACUGGGUAC
ENSG00000101473,CCACCAAACAGCCUCUUGGC
ENSG00000101473,AUUACUGGGUACCGGCCAAG
ENSG00000115414,UUUUCCAUUGUCAUAACAAC
ENSG00000115414,GCAGCCGGUUGUUAUGACAA
ENSG00000115414,ACUAUCAGAUAAAUCAACAG
ENSG00000115414,CUAUCAGAUAAAUCAACAGU
ENSG00000156886,CACCAAAUAUUCCUCAGUCC
ENSG00000156886,AUGAUAAGAAGCCAGGACUG
ENSG00000156886,UGAAUCCAUGAUAAGAAGCC
ENSG00000156886,UUCUUAUCAUGGAUUCAACC
ENSG00000039068,CAGAGCCAAGAGGAGACCUG
ENSG00000039068,CCCCACCCCAGGUCUCCUCU
ENSG00000039068,CGGCUCCUGGCAGAGCCAAG
ENSG00000039068,CUCUUGGCUCUGCCAGGAGC
ENSG00000012048,GGUUUCUGUAGCCCAUACUU
ENSG00000012048,GUUUCUAUCAUCCAAAGUAU
ENSG00000012048,UCUGUAGAAGUCUUUUGGCA
ENSG00000012048,UGAACCCGAAAAUCCUUCCU
ENSG00000177606,CUGUUCUAUGACUGCAAAGA
ENSG00000177606,GUUGAGGGCAUCGUCAUAGA
ENSG00000177606,CGGGAGGAACGAGGCGUUGA
ENSG00000177606,ACGGGAGGAACGAGGCGUUG
ENSG00000176692,CCGUCUCGGAAGCAGCAUGC
ENSG00000176692,CAGGGCGUUGGGGUCGGACA
ENSG00000176692,CACUCCCAGGGCGUUGGGGU
ENSG00000176692,CGUGUCCGACCCCAACGCCC
